-- phpMyAdmin SQL Dump
-- version 5.2.1
-- https://www.phpmyadmin.net/
--
-- Host: 127.0.0.1
-- Generation Time: Jan 05, 2026 at 02:06 PM
-- Server version: 10.4.32-MariaDB
-- PHP Version: 8.2.12

SET SQL_MODE = "NO_AUTO_VALUE_ON_ZERO";
START TRANSACTION;
SET time_zone = "+00:00";


/*!40101 SET @OLD_CHARACTER_SET_CLIENT=@@CHARACTER_SET_CLIENT */;
/*!40101 SET @OLD_CHARACTER_SET_RESULTS=@@CHARACTER_SET_RESULTS */;
/*!40101 SET @OLD_COLLATION_CONNECTION=@@COLLATION_CONNECTION */;
/*!40101 SET NAMES utf8mb4 */;

--
-- Database: `db_cosmetic`
--

-- --------------------------------------------------------

--
-- Table structure for table `branches`
--

CREATE TABLE `branches` (
  `branch_id` int(11) NOT NULL,
  `image` varchar(255) NOT NULL,
  `location` varchar(255) NOT NULL,
  `city_name` varchar(100) DEFAULT NULL,
  `phone` varchar(20) DEFAULT NULL,
  `email` varchar(150) DEFAULT NULL,
  `opening_time` time DEFAULT NULL,
  `closing_time` time DEFAULT NULL,
  `status` tinyint(1) DEFAULT NULL,
  `created_at` timestamp NULL DEFAULT current_timestamp()
) ENGINE=InnoDB DEFAULT CHARSET=utf8mb4 COLLATE=utf8mb4_general_ci;

--
-- Dumping data for table `branches`
--

INSERT INTO `branches` (`branch_id`, `image`, `location`, `city_name`, `phone`, `email`, `opening_time`, `closing_time`, `status`, `created_at`) VALUES
(2, 'br3.jpeg', 'surat ,Gujarat', 'Surat', '8823633377', 'glam_rajkot@gmail.com', '10:00:00', '20:00:00', 1, '2025-12-05 05:15:39'),
(3, 'br2.jpeg', 'bhavnagar ,Gujarat', 'Bhavnagar', '9078563421', 'glamaura_bhavnagar@gmail.com', '11:00:00', '20:00:00', 1, '2025-12-05 05:18:47'),
(4, 'br1.jpeg', 'surat, gujrat ', 'Surat', '9998765430', 'glam_rajkot@gmail.com', '10:00:00', '20:00:00', 1, '2025-12-05 14:16:27');

-- --------------------------------------------------------

--
-- Table structure for table `tbl_admin`
--

CREATE TABLE `tbl_admin` (
  `id` int(11) NOT NULL,
  `username` varchar(255) NOT NULL,
  `password` varchar(255) NOT NULL,
  `created_at` datetime DEFAULT current_timestamp(),
  `status` tinyint(1) NOT NULL DEFAULT 1
) ENGINE=InnoDB DEFAULT CHARSET=utf8mb4 COLLATE=utf8mb4_general_ci;

--
-- Dumping data for table `tbl_admin`
--

INSERT INTO `tbl_admin` (`id`, `username`, `password`, `created_at`, `status`) VALUES
(1, 'Admin', 'Admin@123', '2025-11-18 11:50:03', 1),
(2, 'tanisha', 'tanisha@123', '2025-12-06 06:59:14', 1);

-- --------------------------------------------------------

--
-- Table structure for table `tbl_area`
--

CREATE TABLE `tbl_area` (
  `id` int(11) NOT NULL,
  `name` varchar(100) NOT NULL,
  `status` tinyint(1) NOT NULL,
  `city_id` int(11) NOT NULL
) ENGINE=InnoDB DEFAULT CHARSET=utf8mb4 COLLATE=utf8mb4_general_ci;

--
-- Dumping data for table `tbl_area`
--

INSERT INTO `tbl_area` (`id`, `name`, `status`, `city_id`) VALUES
(1, 'pal', 1, 1),
(2, 'adajan', 1, 1),
(3, 'nanpura', 1, 1),
(4, 'vesu', 1, 1),
(5, 'katargam', 1, 1),
(6, 'varacha', 1, 1),
(7, 'bhatar', 1, 1),
(8, 'bamroli', 1, 1),
(9, 'bhatha', 1, 1),
(10, 'gavraupath', 1, 1),
(11, 'jhangirpura', 1, 1),
(12, 'citylight', 1, 1),
(13, 'piplod', 2, 1),
(14, 'athwagate', 1, 1),
(15, 'rander', 1, 1),
(16, 'Kalawad Road', 1, 2),
(17, 'Raiya Road', 1, 2),
(18, 'Mavdi', 1, 2),
(19, 'Gondal Road', 1, 2),
(20, '150 Feet Ring Road', 1, 2),
(21, 'Amin Marg', 1, 2),
(22, 'Kothariya', 1, 2),
(23, 'Limbda Chowk', 1, 2),
(24, 'Junction Plot', 1, 2),
(25, 'Sadar', 1, 2),
(26, 'Navrangpura', 1, 3),
(27, 'Vastrapur', 1, 3),
(28, 'Bapunagar', 1, 3),
(29, 'Maninagar', 1, 3),
(30, 'Ghatlodia', 1, 3),
(31, 'Thaltej', 1, 3),
(32, 'Satellite', 1, 3),
(33, 'Naranpura', 1, 3),
(34, 'SG Highway', 1, 3),
(35, 'Chandkheda', 1, 3),
(36, 'Navrangpura', 1, 3),
(37, 'Vastrapur', 1, 3),
(38, 'Bapunagar', 1, 3),
(39, 'Maninagar', 1, 3),
(40, 'Ghatlodia', 1, 3),
(41, 'Thaltej', 1, 3),
(42, 'Satellite', 1, 3),
(43, 'Naranpura', 1, 3),
(44, 'SG Highway', 1, 3),
(45, 'Chandkheda', 1, 3),
(46, 'Navrangpura', 1, 3),
(47, 'Vastrapur', 1, 3),
(48, 'Bapunagar', 1, 3),
(49, 'Maninagar', 1, 3),
(50, 'Ghatlodia', 1, 3),
(51, 'Thaltej', 1, 3),
(52, 'Satellite', 1, 3),
(53, 'Naranpura', 1, 3),
(54, 'SG Highway', 1, 3),
(55, 'Chandkheda', 1, 3),
(56, 'Zadeshwar', 1, 4),
(57, 'GNFC Township', 1, 4),
(58, 'Maktampur', 1, 4),
(59, 'Bholav', 1, 4),
(60, 'Narmada Nagar', 1, 4),
(61, 'Sevashram Road', 1, 4),
(62, 'Ankleshwar GIDC', 1, 4),
(63, 'Shaktinath', 1, 4),
(64, 'Kasak Circle', 1, 4),
(65, 'Dahej Road', 1, 4),
(66, 'Tithal Road', 1, 5),
(67, 'Abrama', 1, 5),
(68, 'Gunjan', 1, 5),
(69, 'Halar Road', 1, 5),
(70, 'Kaprada', 1, 5),
(71, 'Vapi Road', 1, 5),
(72, 'Dungri', 1, 5),
(73, 'Khergam', 1, 5),
(74, 'Atul', 1, 5),
(75, 'Umargam Road', 1, 5),
(76, 'Alkapuri', 1, 6),
(77, 'Manjalpur', 1, 6),
(78, 'Karelibaug', 1, 6),
(79, 'Gotri', 1, 6),
(80, 'Fatehganj', 1, 6),
(81, 'Akota', 1, 6),
(82, 'Waghodia Road', 1, 6),
(83, 'New VIP Road', 1, 6),
(84, 'Subhanpura', 1, 6),
(85, 'Tarsali', 1, 6),
(86, 'Sector 1', 1, 7),
(87, 'Sector 7', 1, 7),
(88, 'Sector 21', 1, 7),
(89, 'Sector 24', 1, 7),
(90, 'Sector 30', 1, 7),
(91, 'Infocity', 1, 7),
(92, 'Randheja', 1, 7),
(93, 'Kudasan', 1, 7),
(94, 'Gift City', 1, 7),
(95, 'Vavol', 1, 7),
(96, 'Sanskar Mandal', 1, 8),
(97, 'Kalvibid', 1, 8),
(98, 'Nari Road', 1, 8),
(99, 'Vijayraj Nagar', 1, 8),
(100, 'Kaliyabid', 1, 8),
(101, 'Hill Drive', 1, 8),
(102, 'Sardarnagar', 1, 8),
(103, 'Ghoghagate', 1, 8),
(104, 'Botad Road', 1, 8),
(105, 'Talaja Road', 1, 8);

-- --------------------------------------------------------

--
-- Table structure for table `tbl_booking`
--

CREATE TABLE `tbl_booking` (
  `id` int(11) NOT NULL,
  `name` varchar(255) NOT NULL,
  `phone` varchar(20) NOT NULL,
  `email` varchar(255) NOT NULL,
  `city_id` int(11) NOT NULL,
  `category_id` int(11) NOT NULL,
  `service_id` int(11) NOT NULL,
  `date` date NOT NULL,
  `time` time NOT NULL,
  `message` text DEFAULT NULL,
  `price` decimal(10,2) NOT NULL,
  `created_at` datetime DEFAULT current_timestamp()
) ENGINE=InnoDB DEFAULT CHARSET=utf8mb4 COLLATE=utf8mb4_general_ci;

--
-- Dumping data for table `tbl_booking`
--

INSERT INTO `tbl_booking` (`id`, `name`, `phone`, `email`, `city_id`, `category_id`, `service_id`, `date`, `time`, `message`, `price`, `created_at`) VALUES
(1, 'mahi', '0985674321', 'mahi@gmail.com', 3, 1, 5, '2025-11-07', '15:18:00', 'no', 1599.00, '2025-11-21 15:20:41'),
(2, 'mahi', '9858953697', 'mahi@yahoo.com', 1, 4, 31, '2025-10-28', '14:45:00', 'nothing', 899.00, '2025-11-22 14:43:17'),
(3, 'Nia Sharma', '8768390472', 'nia@gmail.com', 7, 2, 10, '2025-11-27', '11:56:00', 'nothing', 799.00, '2025-11-22 21:17:52'),
(4, 'shivani', '8346307321', 'shivani@gmail.com', 7, 2, 12, '2025-11-27', '21:40:00', 'nothing', 1499.00, '2025-11-22 23:51:18'),
(5, 'tanu', '7345920853', 'tanu@gmail.com', 4, 5, 34, '2025-11-27', '18:02:00', 'nothig', 1599.00, '2025-11-22 23:57:32'),
(6, 'arya', '6830589201', 'arya@gmail.com', 8, 5, 23, '2025-12-02', '21:12:00', 'nothing', 899.00, '2025-11-23 00:08:44'),
(7, 'ayushi', '6893468290', 'ayushi@gmail.com', 6, 2, 15, '2025-12-06', '12:30:00', 'nothing', 799.00, '2025-11-23 12:52:58'),
(8, 'vidhi', '9876451239', 'vidhi@gmail.com', 1, 1, 2, '2025-11-19', '06:56:00', 'nothing', 1499.00, '2025-11-24 09:30:26'),
(10, 'riya patel', '1293847565', 'riya@gmail.com', 1, 5, 38, '2025-11-26', '14:02:00', '', 799.00, '2025-11-24 10:58:55'),
(11, 'hhh', '8905671234', 'abc@gmail.com', 1, 1, 2, '2025-11-26', '00:00:00', '', 1499.00, '2025-11-26 16:35:21'),
(14, 'arya', '9856743213', 'arya31@gmail.com', 5, 3, 23, '4444-04-21', '00:00:00', '', 899.00, '2025-11-26 16:41:06'),
(15, 'vidhi', '0882363334', 'vidhi08@gmail.com', 7, 3, 21, '2025-11-21', '00:00:00', '', 999.00, '2025-11-26 16:42:21'),
(17, 'hasti', '0882363334', 'hasti@gmail.com', 5, 1, 7, '2025-11-21', '00:00:00', 'nothing', 699.00, '2025-11-27 10:07:01'),
(18, 'akriti', '0882363334', 'akriti@gmail.com', 2, 1, 6, '2025-11-29', '17:08:00', 'nothing', 1299.00, '2025-11-28 13:04:13'),
(20, 'nyra', '0882363337', 'nyra@gmail.com', 8, 2, 11, '2025-12-02', '16:17:00', 'nothing', 599.00, '2025-12-02 14:17:50'),
(21, 'anika', '1234567890', 'anika@gmail.com', 0, 5, 39, '2025-12-26', '00:00:00', '', 2499.00, '2025-12-02 14:19:00'),
(22, 'Abc', '0987654532', 'abc@gmail.com', 4, 1, 4, '2025-12-26', '15:30:00', '', 1999.00, '2025-12-07 00:33:17');

-- --------------------------------------------------------

--
-- Table structure for table `tbl_categories`
--

CREATE TABLE `tbl_categories` (
  `id` int(11) NOT NULL,
  `name` varchar(255) NOT NULL,
  `description` varchar(200) NOT NULL,
  `features` varchar(255) NOT NULL,
  `image` varchar(255) NOT NULL,
  `status` tinyint(1) DEFAULT 1,
  `created_at` datetime DEFAULT current_timestamp()
) ENGINE=InnoDB DEFAULT CHARSET=utf8mb4 COLLATE=utf8mb4_general_ci;

--
-- Dumping data for table `tbl_categories`
--

INSERT INTO `tbl_categories` (`id`, `name`, `description`, `features`, `image`, `status`, `created_at`) VALUES
(1, 'Bridal & Makeup', 'Complete bridal packages with professional makeup, styling, and trials. Our makeup artists create camera-ready looks using premium, long-wear products.', 'Bridal makeup trials\r\nAirbrush & HD techniques\r\nDay-of coordination\r\n', 'bridal.jpg', 1, '2025-11-18 11:22:52'),
(2, 'Makeup Artistry', 'From everyday elegance to full glam, our makeup artists create personalized looks using premium products tailored to your unique features.', 'HD & airbrush makeup\r\nParty & event looks\r\nColor consultation', 'makeup.jpg', 1, '2025-11-18 11:22:52'),
(3, 'Mehendi & Henna', 'Intricate bridal mehendi and contemporary henna art. our artists create traditional and modern design with beautiful, high-contrast finishes.', 'Bridal mehendi\r\nColor & balayage\r\nKeratin treatments', 'mehendi.jpg', 1, '2025-11-18 11:22:52'),
(4, 'Nail Art & Design', 'Couture nail art, gel manicures, and precision extensions. From delicate bridal nails to bold statement designs, we craft nails that elevate your style.', 'Hand-painted art\r\nGel & acrylic services\r\nBridal nail packages', 'nailart.jpg', 1, '2025-11-18 11:22:52'),
(5, 'Hairstyling & Hair Care', 'Expert styling from precision cuts to bridal updos. Our stylists combine technique with creativity to deliver bespoke looks for every occasion.', 'Bridal updos\r\nColor & balayage\r\nKeratin treatments', 'hairstyle.jpg', 1, '2025-11-18 11:22:52');

-- --------------------------------------------------------

--
-- Table structure for table `tbl_city`
--

CREATE TABLE `tbl_city` (
  `city_id` int(11) NOT NULL,
  `city_name` varchar(15) NOT NULL,
  `status` tinyint(4) NOT NULL
) ENGINE=InnoDB DEFAULT CHARSET=utf8mb4 COLLATE=utf8mb4_general_ci;

--
-- Dumping data for table `tbl_city`
--

INSERT INTO `tbl_city` (`city_id`, `city_name`, `status`) VALUES
(1, 'surat', 1),
(2, 'rajkot', 1),
(3, 'ahemdabad', 1),
(4, 'baruch', 1),
(5, 'valsad', 1),
(6, 'vadodara', 1),
(7, 'gandhinagar', 1),
(8, 'bhavnagar', 1);

-- --------------------------------------------------------

--
-- Table structure for table `tbl_cs`
--

CREATE TABLE `tbl_cs` (
  `cs_id` int(11) NOT NULL,
  `customer_id` int(11) NOT NULL,
  `enrollment_no` bigint(20) NOT NULL,
  `category_id` int(11) NOT NULL,
  `service_id` int(11) NOT NULL,
  `price` decimal(10,2) NOT NULL,
  `date` date NOT NULL,
  `time` time NOT NULL,
  `created_at` datetime DEFAULT current_timestamp(),
  `next_service_date` datetime DEFAULT NULL,
  `reminder_sent` tinyint(1) DEFAULT 0
) ENGINE=InnoDB DEFAULT CHARSET=utf8mb4 COLLATE=utf8mb4_general_ci;

--
-- Dumping data for table `tbl_cs`
--

INSERT INTO `tbl_cs` (`cs_id`, `customer_id`, `enrollment_no`, `category_id`, `service_id`, `price`, `date`, `time`, `created_at`, `next_service_date`, `reminder_sent`) VALUES
(1, 4, 89121252, 2, 11, 599.00, '2025-12-06', '04:00:00', '2025-11-26 22:31:32', NULL, 0),
(2, 4, 89121252, 4, 30, 799.00, '2025-12-06', '12:52:00', '2025-11-26 22:47:56', NULL, 0),
(3, 3, 16100894, 1, 3, 499.00, '2025-11-24', '16:49:00', '2025-11-26 22:49:49', NULL, 0),
(4, 2, 14387841, 5, 38, 799.00, '2025-11-14', '03:00:00', '2025-11-26 23:00:09', NULL, 0),
(5, 4, 84197612, 2, 16, 699.00, '2025-11-15', '13:48:00', '2025-11-27 10:48:53', NULL, 0);

-- --------------------------------------------------------

--
-- Table structure for table `tbl_customer`
--

CREATE TABLE `tbl_customer` (
  `customer_id` int(11) NOT NULL,
  `enrollment_no` bigint(20) NOT NULL,
  `c_name` varchar(100) NOT NULL,
  `phone` int(11) NOT NULL,
  `email` varchar(100) NOT NULL
) ENGINE=InnoDB DEFAULT CHARSET=utf8mb4 COLLATE=utf8mb4_general_ci;

--
-- Dumping data for table `tbl_customer`
--

INSERT INTO `tbl_customer` (`customer_id`, `enrollment_no`, `c_name`, `phone`, `email`) VALUES
(1, 93582748, 'Arya', 2147483647, 'arya31@gmail.com'),
(4, 84197612, 'mahi', 2147483647, 'mahi@gmail.com');

-- --------------------------------------------------------

--
-- Table structure for table `tbl_customer_services`
--

CREATE TABLE `tbl_customer_services` (
  `cs_id` int(11) NOT NULL COMMENT 'customer service id',
  `customer_id` int(11) NOT NULL,
  `enrollment_no` bigint(20) NOT NULL,
  `id` int(11) NOT NULL COMMENT 'this is service id connect with services table\r\n',
  `service_date` date NOT NULL,
  `price` int(11) NOT NULL,
  `time` time NOT NULL
) ENGINE=InnoDB DEFAULT CHARSET=utf8mb4 COLLATE=utf8mb4_general_ci;

--
-- Dumping data for table `tbl_customer_services`
--

INSERT INTO `tbl_customer_services` (`cs_id`, `customer_id`, `enrollment_no`, `id`, `service_date`, `price`, `time`) VALUES
(4, 1, 250044, 2, '2025-11-27', 3000, '22:22:00');

-- --------------------------------------------------------

--
-- Table structure for table `tbl_impressions`
--

CREATE TABLE `tbl_impressions` (
  `id` int(11) NOT NULL,
  `ip` varchar(50) DEFAULT NULL,
  `visited_at` datetime DEFAULT current_timestamp()
) ENGINE=InnoDB DEFAULT CHARSET=utf8mb4 COLLATE=utf8mb4_general_ci;

--
-- Dumping data for table `tbl_impressions`
--

INSERT INTO `tbl_impressions` (`id`, `ip`, `visited_at`) VALUES
(1, '127.0.0.1', '2025-11-23 01:00:05'),
(2, '127.0.0.1', '2025-11-23 01:00:12'),
(3, '127.0.0.1', '2025-11-23 01:00:58'),
(4, '127.0.0.1', '2025-11-23 01:01:01'),
(5, '127.0.0.1', '2025-11-23 01:04:00'),
(6, '127.0.0.1', '2025-11-23 01:05:35'),
(7, '127.0.0.1', '2025-11-23 01:07:02'),
(8, '127.0.0.1', '2025-11-23 01:07:07'),
(9, '127.0.0.1', '2025-11-23 01:07:38'),
(10, '::1', '2025-11-23 01:07:49'),
(11, '127.0.0.1', '2025-11-23 01:10:28'),
(12, '127.0.0.1', '2025-11-23 01:10:57'),
(13, '127.0.0.1', '2025-11-23 01:11:12'),
(14, '127.0.0.1', '2025-11-23 01:14:40'),
(15, '127.0.0.1', '2025-11-23 01:19:37'),
(16, '::1', '2025-11-23 01:19:43'),
(17, '127.0.0.1', '2025-11-23 01:20:49'),
(18, '127.0.0.1', '2025-11-23 01:21:04'),
(19, '127.0.0.1', '2025-11-23 01:21:13'),
(20, '::1', '2025-11-23 01:21:43'),
(21, '127.0.0.1', '2025-11-23 12:52:01'),
(22, '127.0.0.1', '2025-11-23 17:34:01'),
(23, '127.0.0.1', '2025-11-23 19:31:48'),
(24, '127.0.0.1', '2025-11-23 19:32:07'),
(25, '127.0.0.1', '2025-11-24 09:27:38'),
(26, '127.0.0.1', '2025-11-24 09:28:04'),
(27, '127.0.0.1', '2025-11-24 10:09:32'),
(28, '127.0.0.1', '2025-11-24 14:42:10'),
(29, '127.0.0.1', '2025-11-24 14:43:05'),
(30, '127.0.0.1', '2025-11-24 14:43:38'),
(31, '127.0.0.1', '2025-11-24 14:44:10'),
(32, '127.0.0.1', '2025-11-24 14:44:35'),
(33, '127.0.0.1', '2025-11-24 14:50:34'),
(34, '::1', '2025-11-24 20:26:59'),
(35, '::1', '2025-11-24 20:27:18'),
(36, '::1', '2025-11-24 20:28:05'),
(37, '::1', '2025-11-24 20:28:11'),
(38, '::1', '2025-11-24 20:28:31'),
(39, '::1', '2025-11-24 20:28:32'),
(40, '::1', '2025-11-24 20:28:33'),
(41, '127.0.0.1', '2025-11-24 22:31:18'),
(42, '::1', '2025-11-25 13:30:39'),
(43, '::1', '2025-11-25 13:31:46'),
(44, '::1', '2025-11-25 13:31:49'),
(45, '127.0.0.1', '2025-11-25 13:32:03'),
(46, '127.0.0.1', '2025-11-25 13:32:34'),
(47, '127.0.0.1', '2025-11-25 13:32:39'),
(48, '::1', '2025-11-25 13:34:03'),
(49, '::1', '2025-11-25 13:36:45'),
(50, '::1', '2025-11-25 13:40:50'),
(51, '::1', '2025-11-25 14:13:15'),
(52, '::1', '2025-11-25 14:14:25'),
(53, '::1', '2025-11-25 17:21:03'),
(54, '::1', '2025-11-25 17:21:08'),
(55, '127.0.0.1', '2025-11-25 18:49:58'),
(56, '127.0.0.1', '2025-11-25 18:56:21'),
(57, '127.0.0.1', '2025-11-25 18:56:23'),
(58, '127.0.0.1', '2025-11-25 18:59:06'),
(59, '127.0.0.1', '2025-11-25 18:59:22'),
(60, '::1', '2025-11-25 19:00:12'),
(61, '::1', '2025-11-26 09:29:42'),
(62, '::1', '2025-11-26 12:26:06'),
(63, '::1', '2025-11-26 16:03:59'),
(64, '::1', '2025-11-26 16:06:38'),
(65, '::1', '2025-11-26 16:09:46'),
(66, '::1', '2025-11-26 16:43:12'),
(67, '::1', '2025-11-26 16:43:41'),
(68, '::1', '2025-11-27 00:05:07'),
(69, '::1', '2025-11-27 09:38:21'),
(70, '::1', '2025-11-27 13:15:34'),
(71, '127.0.0.1', '2025-11-27 15:32:21'),
(72, '127.0.0.1', '2025-11-27 16:02:57'),
(73, '::1', '2025-11-27 21:50:54'),
(74, '::1', '2025-11-27 22:18:29'),
(75, '::1', '2025-11-27 22:18:30'),
(76, '::1', '2025-11-27 22:21:49'),
(77, '::1', '2025-11-27 22:21:50'),
(78, '127.0.0.1', '2025-11-27 22:23:09'),
(79, '127.0.0.1', '2025-11-27 22:26:59'),
(80, '127.0.0.1', '2025-11-27 22:29:33'),
(81, '127.0.0.1', '2025-11-27 22:30:01'),
(82, '127.0.0.1', '2025-11-27 22:30:59'),
(83, '127.0.0.1', '2025-11-27 22:31:00'),
(84, '127.0.0.1', '2025-11-27 22:31:24'),
(85, '127.0.0.1', '2025-11-27 22:31:39'),
(86, '127.0.0.1', '2025-11-27 22:31:56'),
(87, '127.0.0.1', '2025-11-27 22:32:06'),
(88, '127.0.0.1', '2025-11-27 22:32:06'),
(89, '127.0.0.1', '2025-11-27 22:32:14'),
(90, '127.0.0.1', '2025-11-27 22:32:24'),
(91, '127.0.0.1', '2025-11-27 22:32:34'),
(92, '127.0.0.1', '2025-11-27 22:32:56'),
(93, '127.0.0.1', '2025-11-27 22:32:57'),
(94, '127.0.0.1', '2025-11-27 22:33:22'),
(95, '127.0.0.1', '2025-11-27 22:35:55'),
(96, '127.0.0.1', '2025-11-27 22:36:44'),
(97, '127.0.0.1', '2025-11-27 22:38:36'),
(98, '127.0.0.1', '2025-11-27 22:38:37'),
(99, '127.0.0.1', '2025-11-27 22:38:39'),
(100, '127.0.0.1', '2025-11-27 22:38:51'),
(101, '127.0.0.1', '2025-11-27 22:39:22'),
(102, '127.0.0.1', '2025-11-27 22:39:43'),
(103, '127.0.0.1', '2025-11-27 22:40:25'),
(104, '127.0.0.1', '2025-11-27 22:42:23'),
(105, '127.0.0.1', '2025-11-27 22:50:00'),
(106, '127.0.0.1', '2025-11-27 22:52:46'),
(107, '127.0.0.1', '2025-11-27 22:53:01'),
(108, '127.0.0.1', '2025-11-27 22:54:07'),
(109, '127.0.0.1', '2025-11-27 22:54:45'),
(110, '127.0.0.1', '2025-11-27 22:54:57'),
(111, '127.0.0.1', '2025-11-27 22:56:34'),
(112, '127.0.0.1', '2025-11-27 22:56:57'),
(113, '127.0.0.1', '2025-11-27 22:57:14'),
(114, '127.0.0.1', '2025-11-27 22:57:15'),
(115, '127.0.0.1', '2025-11-27 22:57:26'),
(116, '127.0.0.1', '2025-11-27 22:57:40'),
(117, '127.0.0.1', '2025-11-27 22:57:51'),
(118, '127.0.0.1', '2025-11-27 22:57:56'),
(119, '127.0.0.1', '2025-11-27 22:58:08'),
(120, '127.0.0.1', '2025-11-27 22:58:14'),
(121, '127.0.0.1', '2025-11-27 22:58:27'),
(122, '127.0.0.1', '2025-11-27 22:59:25'),
(123, '127.0.0.1', '2025-11-27 22:59:32'),
(124, '127.0.0.1', '2025-11-27 22:59:40'),
(125, '127.0.0.1', '2025-11-27 23:00:02'),
(126, '127.0.0.1', '2025-11-27 23:00:21'),
(127, '127.0.0.1', '2025-11-27 23:00:23'),
(128, '127.0.0.1', '2025-11-27 23:00:26'),
(129, '127.0.0.1', '2025-11-27 23:00:35'),
(130, '127.0.0.1', '2025-11-27 23:00:36'),
(131, '127.0.0.1', '2025-11-27 23:00:36'),
(132, '127.0.0.1', '2025-11-27 23:00:50'),
(133, '127.0.0.1', '2025-11-27 23:01:08'),
(134, '127.0.0.1', '2025-11-27 23:01:10'),
(135, '127.0.0.1', '2025-11-27 23:01:51'),
(136, '127.0.0.1', '2025-11-27 23:01:58'),
(137, '127.0.0.1', '2025-11-27 23:02:42'),
(138, '127.0.0.1', '2025-11-27 23:02:47'),
(139, '127.0.0.1', '2025-11-27 23:03:41'),
(140, '127.0.0.1', '2025-11-27 23:14:46'),
(141, '127.0.0.1', '2025-11-27 23:17:52'),
(142, '127.0.0.1', '2025-11-27 23:20:27'),
(143, '127.0.0.1', '2025-11-27 23:20:51'),
(144, '127.0.0.1', '2025-11-27 23:22:43'),
(145, '::1', '2025-11-27 23:23:06'),
(146, '::1', '2025-11-27 23:23:11'),
(147, '127.0.0.1', '2025-11-27 23:23:28'),
(148, '127.0.0.1', '2025-11-28 09:41:29'),
(149, '127.0.0.1', '2025-11-28 10:00:03'),
(150, '127.0.0.1', '2025-11-28 10:00:06'),
(151, '127.0.0.1', '2025-11-28 10:01:14'),
(152, '127.0.0.1', '2025-11-28 10:03:26'),
(153, '127.0.0.1', '2025-11-28 10:28:55'),
(154, '127.0.0.1', '2025-11-28 10:28:59'),
(155, '127.0.0.1', '2025-11-28 10:39:45'),
(156, '127.0.0.1', '2025-11-28 10:41:26'),
(157, '127.0.0.1', '2025-11-28 10:41:45'),
(158, '127.0.0.1', '2025-11-28 10:41:51'),
(159, '127.0.0.1', '2025-11-28 10:41:52'),
(160, '127.0.0.1', '2025-11-28 10:41:54'),
(161, '127.0.0.1', '2025-11-28 10:41:55'),
(162, '127.0.0.1', '2025-11-28 10:41:55'),
(163, '127.0.0.1', '2025-11-28 10:41:55'),
(164, '127.0.0.1', '2025-11-28 10:41:55'),
(165, '127.0.0.1', '2025-11-28 10:41:55'),
(166, '127.0.0.1', '2025-11-28 10:41:55'),
(167, '127.0.0.1', '2025-11-28 10:41:55'),
(168, '127.0.0.1', '2025-11-28 10:41:55'),
(169, '127.0.0.1', '2025-11-28 10:41:55'),
(170, '127.0.0.1', '2025-11-28 10:41:55'),
(171, '127.0.0.1', '2025-11-28 10:41:55'),
(172, '127.0.0.1', '2025-11-28 10:41:55'),
(173, '127.0.0.1', '2025-11-28 10:41:55'),
(174, '127.0.0.1', '2025-11-28 10:41:55'),
(175, '127.0.0.1', '2025-11-28 10:41:55'),
(176, '127.0.0.1', '2025-11-28 10:41:55'),
(177, '127.0.0.1', '2025-11-28 10:41:55'),
(178, '127.0.0.1', '2025-11-28 10:41:55'),
(179, '127.0.0.1', '2025-11-28 10:41:55'),
(180, '127.0.0.1', '2025-11-28 10:41:55'),
(181, '127.0.0.1', '2025-11-28 10:41:55'),
(182, '127.0.0.1', '2025-11-28 10:41:55'),
(183, '127.0.0.1', '2025-11-28 10:41:56'),
(184, '127.0.0.1', '2025-11-28 10:41:56'),
(185, '127.0.0.1', '2025-11-28 10:41:56'),
(186, '127.0.0.1', '2025-11-28 10:41:56'),
(187, '127.0.0.1', '2025-11-28 10:41:56'),
(188, '127.0.0.1', '2025-11-28 10:41:56'),
(189, '127.0.0.1', '2025-11-28 10:41:56'),
(190, '127.0.0.1', '2025-11-28 10:41:56'),
(191, '127.0.0.1', '2025-11-28 10:41:56'),
(192, '127.0.0.1', '2025-11-28 10:41:56'),
(193, '127.0.0.1', '2025-11-28 10:41:56'),
(194, '127.0.0.1', '2025-11-28 10:41:56'),
(195, '127.0.0.1', '2025-11-28 10:41:56'),
(196, '127.0.0.1', '2025-11-28 10:41:56'),
(197, '127.0.0.1', '2025-11-28 10:41:56'),
(198, '127.0.0.1', '2025-11-28 10:41:56'),
(199, '127.0.0.1', '2025-11-28 10:41:56'),
(200, '127.0.0.1', '2025-11-28 10:41:56'),
(201, '127.0.0.1', '2025-11-28 10:41:56'),
(202, '127.0.0.1', '2025-11-28 10:41:56'),
(203, '127.0.0.1', '2025-11-28 10:41:59'),
(204, '127.0.0.1', '2025-11-28 10:48:24'),
(205, '127.0.0.1', '2025-11-28 10:48:31'),
(206, '127.0.0.1', '2025-11-28 10:48:32'),
(207, '127.0.0.1', '2025-11-28 10:48:32'),
(208, '127.0.0.1', '2025-11-28 10:48:32'),
(209, '127.0.0.1', '2025-11-28 10:48:38'),
(210, '127.0.0.1', '2025-11-28 10:48:38'),
(211, '127.0.0.1', '2025-11-28 10:48:38'),
(212, '127.0.0.1', '2025-11-28 10:48:38'),
(213, '127.0.0.1', '2025-11-28 10:50:53'),
(214, '127.0.0.1', '2025-11-28 10:51:03'),
(215, '127.0.0.1', '2025-11-28 10:53:21'),
(216, '127.0.0.1', '2025-11-28 10:53:49'),
(217, '::1', '2025-11-28 11:00:39'),
(218, '::1', '2025-11-28 11:05:13'),
(219, '::1', '2025-11-28 11:05:56'),
(220, '127.0.0.1', '2025-11-28 11:51:46'),
(221, '127.0.0.1', '2025-11-28 11:55:23'),
(222, '127.0.0.1', '2025-11-28 11:55:56'),
(223, '127.0.0.1', '2025-11-28 11:55:57'),
(224, '127.0.0.1', '2025-11-28 11:56:10'),
(225, '127.0.0.1', '2025-11-28 11:56:35'),
(226, '127.0.0.1', '2025-11-28 11:57:47'),
(227, '127.0.0.1', '2025-11-28 12:09:13'),
(228, '127.0.0.1', '2025-11-28 12:16:46'),
(229, '127.0.0.1', '2025-11-28 12:25:59'),
(230, '127.0.0.1', '2025-11-28 12:27:04'),
(231, '127.0.0.1', '2025-11-28 12:30:30'),
(232, '127.0.0.1', '2025-11-28 12:30:38'),
(233, '127.0.0.1', '2025-11-28 12:30:51'),
(234, '127.0.0.1', '2025-11-28 12:31:17'),
(235, '127.0.0.1', '2025-11-28 12:31:21'),
(236, '127.0.0.1', '2025-11-28 12:31:39'),
(237, '127.0.0.1', '2025-11-28 12:51:36'),
(238, '::1', '2025-11-28 13:10:11'),
(239, '::1', '2025-11-28 13:26:22'),
(240, '::1', '2025-11-28 13:50:34'),
(241, '::1', '2025-11-28 13:55:25'),
(242, '::1', '2025-11-28 14:31:44'),
(243, '127.0.0.1', '2025-12-01 14:17:16'),
(244, '127.0.0.1', '2025-12-01 14:34:57'),
(245, '::1', '2025-12-01 14:48:59'),
(246, '::1', '2025-12-01 14:49:23'),
(247, '::1', '2025-12-01 14:50:44'),
(248, '::1', '2025-12-01 15:38:58'),
(249, '::1', '2025-12-01 15:39:09'),
(250, '::1', '2025-12-02 14:02:02'),
(251, '::1', '2025-12-02 14:02:41'),
(252, '::1', '2025-12-02 14:13:15'),
(253, '::1', '2025-12-02 14:13:28'),
(254, '::1', '2025-12-02 14:13:48'),
(255, '::1', '2025-12-02 14:13:54'),
(256, '::1', '2025-12-02 14:17:53'),
(257, '::1', '2025-12-02 14:19:04'),
(258, '::1', '2025-12-02 14:19:09'),
(259, '::1', '2025-12-02 15:08:28'),
(260, '::1', '2025-12-02 15:15:28'),
(261, '::1', '2025-12-02 15:16:38'),
(262, '::1', '2025-12-02 15:16:45'),
(263, '::1', '2025-12-02 15:17:10'),
(264, '::1', '2025-12-02 15:17:43'),
(265, '::1', '2025-12-02 15:18:18'),
(266, '::1', '2025-12-02 15:19:48'),
(267, '::1', '2025-12-02 15:19:49'),
(268, '::1', '2025-12-02 15:26:57'),
(269, '::1', '2025-12-02 15:26:59'),
(270, '::1', '2025-12-02 15:27:01'),
(271, '::1', '2025-12-02 15:27:08'),
(272, '::1', '2025-12-02 15:27:11'),
(273, '::1', '2025-12-02 15:27:13'),
(274, '::1', '2025-12-02 15:29:20'),
(275, '::1', '2025-12-02 15:30:05'),
(276, '::1', '2025-12-02 15:33:46'),
(277, '::1', '2025-12-02 15:33:55'),
(278, '::1', '2025-12-02 15:36:32'),
(279, '::1', '2025-12-02 15:36:37'),
(280, '::1', '2025-12-02 15:36:48'),
(281, '::1', '2025-12-02 15:37:11'),
(282, '::1', '2025-12-02 15:37:14'),
(283, '::1', '2025-12-02 15:37:21'),
(284, '::1', '2025-12-02 15:37:24'),
(285, '::1', '2025-12-02 15:37:37'),
(286, '::1', '2025-12-02 15:37:38'),
(287, '::1', '2025-12-02 15:37:41'),
(288, '::1', '2025-12-02 15:37:54'),
(289, '::1', '2025-12-02 15:38:04'),
(290, '::1', '2025-12-02 15:38:08'),
(291, '::1', '2025-12-02 15:38:26'),
(292, '::1', '2025-12-02 15:39:19'),
(293, '::1', '2025-12-02 15:39:46'),
(294, '::1', '2025-12-02 15:40:00'),
(295, '::1', '2025-12-02 15:40:21'),
(296, '::1', '2025-12-02 15:40:54'),
(297, '::1', '2025-12-02 15:43:16'),
(298, '::1', '2025-12-02 15:48:15'),
(299, '::1', '2025-12-02 15:48:35'),
(300, '::1', '2025-12-02 15:49:34'),
(301, '127.0.0.1', '2025-12-02 15:50:14'),
(302, '127.0.0.1', '2025-12-02 15:50:25'),
(303, '::1', '2025-12-02 15:53:32'),
(304, '::1', '2025-12-02 15:53:34'),
(305, '::1', '2025-12-02 15:54:13'),
(306, '::1', '2025-12-02 15:54:28'),
(307, '::1', '2025-12-02 15:54:31'),
(308, '::1', '2025-12-02 15:54:45'),
(309, '::1', '2025-12-02 15:54:47'),
(310, '::1', '2025-12-02 15:54:53'),
(311, '::1', '2025-12-02 15:54:56'),
(312, '::1', '2025-12-02 15:55:00'),
(313, '::1', '2025-12-02 15:55:11'),
(314, '::1', '2025-12-02 15:55:15'),
(315, '::1', '2025-12-02 15:55:19'),
(316, '::1', '2025-12-02 15:56:03'),
(317, '::1', '2025-12-02 16:13:12'),
(318, '::1', '2025-12-02 16:14:46'),
(319, '127.0.0.1', '2025-12-02 16:16:24'),
(320, '127.0.0.1', '2025-12-02 16:16:28'),
(321, '127.0.0.1', '2025-12-04 21:35:23'),
(322, '127.0.0.1', '2025-12-04 21:39:55'),
(323, '127.0.0.1', '2025-12-04 21:40:34'),
(324, '127.0.0.1', '2025-12-04 21:45:01'),
(325, '127.0.0.1', '2025-12-04 21:48:02'),
(326, '127.0.0.1', '2025-12-04 21:48:24'),
(327, '127.0.0.1', '2025-12-04 21:48:50'),
(328, '127.0.0.1', '2025-12-04 21:49:21'),
(329, '127.0.0.1', '2025-12-04 21:50:55'),
(330, '::1', '2025-12-04 21:51:11'),
(331, '127.0.0.1', '2025-12-04 21:53:49'),
(332, '::1', '2025-12-04 21:59:48'),
(333, '::1', '2025-12-04 22:00:22'),
(334, '::1', '2025-12-04 22:00:26'),
(335, '::1', '2025-12-04 22:01:54'),
(336, '::1', '2025-12-04 22:02:02'),
(337, '127.0.0.1', '2025-12-04 22:04:38'),
(338, '::1', '2025-12-04 22:13:22'),
(339, '127.0.0.1', '2025-12-04 22:36:08'),
(340, '127.0.0.1', '2025-12-05 11:41:10'),
(341, '::1', '2025-12-05 11:43:02'),
(342, '::1', '2025-12-05 11:44:05'),
(343, '127.0.0.1', '2025-12-05 11:54:40'),
(344, '127.0.0.1', '2025-12-05 11:54:57'),
(345, '::1', '2025-12-05 12:03:27'),
(346, '::1', '2025-12-05 12:05:25'),
(347, '::1', '2025-12-05 12:06:35'),
(348, '::1', '2025-12-05 13:55:14'),
(349, '::1', '2025-12-05 13:55:17'),
(350, '::1', '2025-12-05 13:55:38'),
(351, '::1', '2025-12-05 13:55:39'),
(352, '127.0.0.1', '2025-12-05 13:55:54'),
(353, '127.0.0.1', '2025-12-05 13:55:57'),
(354, '127.0.0.1', '2025-12-05 13:56:49'),
(355, '127.0.0.1', '2025-12-05 13:56:50'),
(356, '127.0.0.1', '2025-12-05 14:01:12'),
(357, '127.0.0.1', '2025-12-05 14:01:14'),
(358, '::1', '2025-12-05 14:01:27'),
(359, '::1', '2025-12-05 14:01:30'),
(360, '::1', '2025-12-05 14:02:10'),
(361, '127.0.0.1', '2025-12-05 14:12:12'),
(362, '::1', '2025-12-05 14:13:06'),
(363, '::1', '2025-12-05 15:05:11'),
(364, '127.0.0.1', '2025-12-05 15:20:24'),
(365, '::1', '2025-12-05 15:46:19'),
(366, '::1', '2025-12-05 15:46:24'),
(367, '::1', '2025-12-06 01:11:51'),
(368, '::1', '2025-12-06 01:12:20'),
(369, '::1', '2025-12-06 01:23:21'),
(370, '127.0.0.1', '2025-12-06 02:38:48'),
(371, '::1', '2025-12-06 02:39:33'),
(372, '::1', '2025-12-06 02:40:01'),
(373, '::1', '2025-12-06 02:40:12'),
(374, '::1', '2025-12-06 02:40:40'),
(375, '::1', '2025-12-06 11:35:08'),
(376, '::1', '2025-12-06 11:35:56'),
(377, '::1', '2025-12-06 11:40:45'),
(378, '::1', '2025-12-06 12:17:38'),
(379, '::1', '2025-12-06 12:27:19'),
(380, '127.0.0.1', '2025-12-06 12:30:24'),
(381, '127.0.0.1', '2025-12-06 12:31:52'),
(382, '127.0.0.1', '2025-12-06 12:32:00'),
(383, '127.0.0.1', '2025-12-06 12:32:16'),
(384, '127.0.0.1', '2025-12-06 12:32:19'),
(385, '127.0.0.1', '2025-12-06 12:36:09'),
(386, '127.0.0.1', '2025-12-06 12:36:14'),
(387, '127.0.0.1', '2025-12-06 12:36:19'),
(388, '127.0.0.1', '2025-12-06 12:36:23'),
(389, '127.0.0.1', '2025-12-06 12:36:29'),
(390, '127.0.0.1', '2025-12-06 12:36:32'),
(391, '127.0.0.1', '2025-12-06 12:36:37'),
(392, '127.0.0.1', '2025-12-06 12:36:41'),
(393, '127.0.0.1', '2025-12-06 12:44:07'),
(394, '::1', '2025-12-06 23:52:10'),
(395, '::1', '2025-12-06 23:52:25'),
(396, '10.206.65.194', '2025-12-07 00:30:25'),
(397, '10.206.65.194', '2025-12-07 00:30:58'),
(398, '10.206.65.194', '2025-12-07 00:31:24'),
(399, '10.206.65.194', '2025-12-07 00:31:30'),
(400, '10.206.65.194', '2025-12-07 00:31:43'),
(401, '10.206.65.194', '2025-12-07 00:33:34'),
(402, '10.206.65.194', '2025-12-07 00:34:08'),
(403, '10.206.65.194', '2025-12-07 13:05:04'),
(404, '::1', '2025-12-08 14:04:04'),
(405, '127.0.0.1', '2025-12-08 14:06:23'),
(406, '127.0.0.1', '2025-12-08 14:06:47'),
(407, '127.0.0.1', '2025-12-08 14:10:24'),
(408, '127.0.0.1', '2025-12-08 14:11:21'),
(409, '127.0.0.1', '2025-12-08 14:12:22'),
(410, '127.0.0.1', '2025-12-08 14:15:09'),
(411, '::1', '2025-12-08 14:31:11'),
(412, '::1', '2025-12-08 14:48:55'),
(413, '::1', '2025-12-08 14:49:08'),
(414, '::1', '2025-12-08 14:59:23'),
(415, '::1', '2025-12-08 15:00:58'),
(416, '127.0.0.1', '2025-12-08 15:01:42'),
(417, '::1', '2025-12-09 10:37:57'),
(418, '::1', '2025-12-09 11:00:58'),
(419, '::1', '2025-12-09 11:01:05'),
(420, '::1', '2025-12-09 11:01:49'),
(421, '::1', '2025-12-09 11:02:35'),
(422, '10.206.65.194', '2025-12-09 11:05:26'),
(423, '10.206.65.194', '2025-12-09 11:05:36'),
(424, '::1', '2025-12-09 14:42:25'),
(425, '::1', '2025-12-09 14:42:57'),
(426, '::1', '2025-12-10 20:57:21'),
(427, '::1', '2025-12-10 20:57:45'),
(428, '10.206.65.194', '2025-12-10 20:58:32'),
(429, '::1', '2025-12-10 21:01:06'),
(430, '10.206.65.194', '2025-12-10 21:01:22'),
(431, '::1', '2025-12-10 21:05:23'),
(432, '::1', '2025-12-11 15:17:17'),
(433, '::1', '2025-12-11 15:17:40'),
(434, '::1', '2025-12-11 15:21:49'),
(435, '::1', '2025-12-11 15:40:20'),
(436, '::1', '2025-12-11 15:40:22'),
(437, '::1', '2025-12-11 15:40:46'),
(438, '::1', '2025-12-11 15:40:48'),
(439, '::1', '2025-12-11 15:40:49'),
(440, '::1', '2025-12-11 15:41:17'),
(441, '::1', '2025-12-11 15:41:18'),
(442, '127.0.0.1', '2025-12-11 15:41:49'),
(443, '::1', '2025-12-11 15:43:13'),
(444, '::1', '2025-12-11 15:45:26'),
(445, '::1', '2025-12-11 15:47:12'),
(446, '::1', '2025-12-11 15:50:20'),
(447, '127.0.0.1', '2025-12-11 15:50:25'),
(448, '127.0.0.1', '2025-12-11 15:50:41'),
(449, '127.0.0.1', '2025-12-11 15:50:55'),
(450, '127.0.0.1', '2025-12-11 15:51:14'),
(451, '::1', '2025-12-11 15:51:19'),
(452, '::1', '2025-12-11 15:51:32'),
(453, '127.0.0.1', '2025-12-11 15:52:47'),
(454, '127.0.0.1', '2025-12-11 15:54:46'),
(455, '::1', '2025-12-15 10:31:49'),
(456, '::1', '2025-12-15 10:32:17'),
(457, '::1', '2025-12-15 10:49:01'),
(458, '::1', '2025-12-15 10:49:23'),
(459, '::1', '2025-12-15 10:55:52'),
(460, '::1', '2025-12-15 10:55:54'),
(461, '::1', '2025-12-15 10:55:56'),
(462, '::1', '2025-12-15 13:39:10'),
(463, '::1', '2025-12-15 13:40:03'),
(464, '::1', '2025-12-15 14:26:37'),
(465, '::1', '2025-12-15 14:29:41'),
(466, '::1', '2025-12-15 14:30:14'),
(467, '::1', '2025-12-15 15:16:47'),
(468, '::1', '2025-12-15 15:16:48'),
(469, '::1', '2025-12-15 15:16:49'),
(470, '::1', '2025-12-15 15:19:22'),
(471, '::1', '2025-12-15 15:21:01'),
(472, '::1', '2025-12-15 15:21:16'),
(473, '::1', '2025-12-15 15:23:25'),
(474, '::1', '2025-12-15 15:24:09'),
(475, '::1', '2025-12-15 15:24:13'),
(476, '::1', '2025-12-15 15:25:48'),
(477, '::1', '2025-12-15 15:26:34'),
(478, '::1', '2025-12-15 15:26:46'),
(479, '::1', '2025-12-15 15:28:05'),
(480, '::1', '2025-12-15 15:28:06'),
(481, '10.206.65.194', '2025-12-15 15:29:11'),
(482, '::1', '2025-12-15 15:30:53'),
(483, '10.206.65.194', '2025-12-15 15:30:58'),
(484, '::1', '2025-12-15 15:36:21'),
(485, '10.206.65.194', '2025-12-15 15:36:28'),
(486, '10.206.65.194', '2025-12-15 15:36:41'),
(487, '::1', '2025-12-15 15:37:48'),
(488, '10.206.65.194', '2025-12-15 15:41:03'),
(489, '::1', '2025-12-15 15:43:13'),
(490, '::1', '2025-12-15 15:45:42'),
(491, '::1', '2025-12-15 15:50:06'),
(492, '::1', '2025-12-15 15:55:00'),
(493, '::1', '2025-12-15 15:55:01'),
(494, '::1', '2025-12-15 15:57:17'),
(495, '::1', '2025-12-15 15:57:18'),
(496, '::1', '2025-12-15 15:57:18'),
(497, '::1', '2025-12-15 16:00:19'),
(498, '127.0.0.1', '2025-12-15 16:07:53'),
(499, '127.0.0.1', '2025-12-15 16:08:50'),
(500, '127.0.0.1', '2025-12-15 16:10:30'),
(501, '127.0.0.1', '2025-12-15 16:13:07'),
(502, '127.0.0.1', '2025-12-15 16:50:11'),
(503, '127.0.0.1', '2025-12-15 16:51:41'),
(504, '127.0.0.1', '2025-12-15 16:51:42'),
(505, '127.0.0.1', '2025-12-15 16:52:57'),
(506, '127.0.0.1', '2025-12-15 16:55:08'),
(507, '127.0.0.1', '2025-12-15 17:01:39'),
(508, '127.0.0.1', '2025-12-15 19:27:29'),
(509, '127.0.0.1', '2025-12-15 20:15:09'),
(510, '127.0.0.1', '2025-12-15 20:32:13'),
(511, '127.0.0.1', '2025-12-15 20:54:04'),
(512, '127.0.0.1', '2025-12-15 20:54:04'),
(513, '127.0.0.1', '2025-12-15 20:54:35'),
(514, '127.0.0.1', '2025-12-15 22:22:39'),
(515, '127.0.0.1', '2025-12-15 22:26:16'),
(516, '127.0.0.1', '2025-12-15 22:26:23'),
(517, '127.0.0.1', '2025-12-15 23:19:37'),
(518, '127.0.0.1', '2025-12-15 23:21:41'),
(519, '127.0.0.1', '2025-12-15 23:21:46'),
(520, '::1', '2025-12-15 23:22:10'),
(521, '127.0.0.1', '2025-12-15 23:22:46'),
(522, '127.0.0.1', '2025-12-16 08:29:06'),
(523, '127.0.0.1', '2025-12-16 08:50:14'),
(524, '::1', '2025-12-16 14:56:53'),
(525, '::1', '2025-12-16 15:12:37'),
(526, '192.168.1.20', '2025-12-16 15:51:19'),
(527, '127.0.0.1', '2025-12-17 09:29:17'),
(528, '127.0.0.1', '2025-12-17 09:30:34'),
(529, '127.0.0.1', '2025-12-17 09:46:06'),
(530, '::1', '2025-12-17 09:55:59'),
(531, '::1', '2025-12-17 09:56:21'),
(532, '10.206.65.194', '2025-12-17 09:57:01'),
(533, '::1', '2025-12-17 09:57:25'),
(534, '10.206.65.194', '2025-12-17 09:57:30'),
(535, '127.0.0.1', '2025-12-17 12:59:26'),
(536, '127.0.0.1', '2025-12-17 12:59:40'),
(537, '127.0.0.1', '2025-12-17 13:12:18'),
(538, '127.0.0.1', '2025-12-17 13:12:19'),
(539, '127.0.0.1', '2025-12-17 13:22:38'),
(540, '127.0.0.1', '2025-12-17 13:35:17'),
(541, '127.0.0.1', '2025-12-17 13:37:30'),
(542, '127.0.0.1', '2025-12-17 13:40:06'),
(543, '127.0.0.1', '2025-12-17 13:40:52'),
(544, '127.0.0.1', '2025-12-17 13:41:34'),
(545, '127.0.0.1', '2025-12-17 13:44:30'),
(546, '127.0.0.1', '2025-12-17 14:16:32'),
(547, '127.0.0.1', '2025-12-17 14:23:41'),
(548, '127.0.0.1', '2025-12-17 14:30:56'),
(549, '127.0.0.1', '2025-12-17 14:30:59'),
(550, '127.0.0.1', '2025-12-17 14:31:02'),
(551, '127.0.0.1', '2025-12-17 14:31:02'),
(552, '127.0.0.1', '2025-12-17 14:31:02'),
(553, '127.0.0.1', '2025-12-17 14:31:02'),
(554, '127.0.0.1', '2025-12-17 14:36:42'),
(555, '127.0.0.1', '2025-12-17 14:36:50'),
(556, '::1', '2025-12-17 14:37:13'),
(557, '127.0.0.1', '2025-12-17 14:46:50'),
(558, '127.0.0.1', '2025-12-17 14:49:49'),
(559, '127.0.0.1', '2025-12-17 14:50:49'),
(560, '127.0.0.1', '2025-12-17 14:51:04'),
(561, '127.0.0.1', '2025-12-17 14:51:28'),
(562, '127.0.0.1', '2025-12-17 15:01:40'),
(563, '127.0.0.1', '2025-12-17 15:04:45'),
(564, '127.0.0.1', '2025-12-17 15:04:53'),
(565, '127.0.0.1', '2025-12-17 15:05:09'),
(566, '127.0.0.1', '2025-12-17 15:10:58'),
(567, '127.0.0.1', '2025-12-17 15:11:13'),
(568, '127.0.0.1', '2025-12-17 15:16:38'),
(569, '127.0.0.1', '2025-12-17 15:17:53'),
(570, '127.0.0.1', '2025-12-17 15:22:27'),
(571, '127.0.0.1', '2025-12-17 15:27:22'),
(572, '192.168.1.19', '2025-12-17 15:29:44'),
(573, '192.168.1.19', '2025-12-17 15:30:00'),
(574, '192.168.1.19', '2025-12-17 15:30:34'),
(575, '127.0.0.1', '2025-12-17 15:33:09'),
(576, '127.0.0.1', '2025-12-17 15:35:26'),
(577, '192.168.1.19', '2025-12-17 15:35:32'),
(578, '192.168.1.19', '2025-12-17 15:37:45'),
(579, '192.168.1.19', '2025-12-17 15:39:16'),
(580, '127.0.0.1', '2025-12-17 15:40:28'),
(581, '127.0.0.1', '2025-12-17 15:41:51'),
(582, '127.0.0.1', '2025-12-17 15:44:54'),
(583, '127.0.0.1', '2025-12-17 15:44:55'),
(584, '127.0.0.1', '2025-12-17 15:50:18'),
(585, '127.0.0.1', '2025-12-17 15:51:52'),
(586, '127.0.0.1', '2025-12-17 15:52:00'),
(587, '127.0.0.1', '2025-12-17 15:52:29'),
(588, '127.0.0.1', '2025-12-17 15:52:35'),
(589, '127.0.0.1', '2025-12-17 15:52:43'),
(590, '127.0.0.1', '2025-12-17 15:52:48'),
(591, '127.0.0.1', '2025-12-17 15:54:07'),
(592, '127.0.0.1', '2025-12-17 15:55:31'),
(593, '127.0.0.1', '2025-12-17 15:55:35'),
(594, '127.0.0.1', '2025-12-17 15:56:23'),
(595, '192.168.1.19', '2025-12-17 15:58:29'),
(596, '192.168.1.19', '2025-12-17 16:00:39'),
(597, '192.168.1.19', '2025-12-17 16:02:13'),
(598, '192.168.1.19', '2025-12-17 16:03:14'),
(599, '192.168.1.19', '2025-12-17 16:03:35'),
(600, '127.0.0.1', '2025-12-17 16:03:55'),
(601, '192.168.1.19', '2025-12-17 16:04:30'),
(602, '192.168.1.19', '2025-12-17 16:06:15'),
(603, '192.168.1.19', '2025-12-17 16:07:26'),
(604, '192.168.1.19', '2025-12-17 16:08:41'),
(605, '192.168.1.19', '2025-12-17 16:08:45'),
(606, '192.168.1.19', '2025-12-17 16:09:05'),
(607, '192.168.1.19', '2025-12-17 16:09:10'),
(608, '192.168.1.19', '2025-12-17 16:10:03'),
(609, '192.168.1.19', '2025-12-17 16:11:43'),
(610, '192.168.1.19', '2025-12-17 16:11:47'),
(611, '192.168.1.19', '2025-12-17 16:39:40'),
(612, '127.0.0.1', '2025-12-17 16:39:50'),
(613, '127.0.0.1', '2025-12-17 16:45:02'),
(614, '192.168.1.19', '2025-12-17 16:45:14'),
(615, '192.168.1.19', '2025-12-17 16:50:33'),
(616, '192.168.1.19', '2025-12-17 17:00:00'),
(617, '192.168.1.19', '2025-12-17 17:00:04'),
(618, '192.168.1.19', '2025-12-17 17:08:15'),
(619, '192.168.1.19', '2025-12-17 17:08:47'),
(620, '192.168.1.19', '2025-12-17 17:09:49'),
(621, '127.0.0.1', '2025-12-17 17:11:10'),
(622, '192.168.1.19', '2025-12-17 17:13:04'),
(623, '10.59.198.73', '2025-12-17 21:42:24'),
(624, '10.59.198.73', '2025-12-17 21:47:57'),
(625, '10.59.198.73', '2025-12-17 21:51:41'),
(626, '127.0.0.1', '2025-12-17 21:57:33'),
(627, '10.59.198.73', '2025-12-17 22:10:53'),
(628, '10.59.198.73', '2025-12-17 22:10:57'),
(629, '127.0.0.1', '2025-12-17 22:12:12'),
(630, '127.0.0.1', '2025-12-17 22:14:18'),
(631, '127.0.0.1', '2025-12-18 12:58:21'),
(632, '192.168.1.19', '2025-12-18 13:12:45'),
(633, '192.168.1.19', '2025-12-18 13:22:53'),
(634, '192.168.1.19', '2025-12-18 13:23:01'),
(635, '192.168.1.19', '2025-12-18 13:23:02'),
(636, '192.168.1.19', '2025-12-18 13:28:18'),
(637, '192.168.1.19', '2025-12-18 13:28:25'),
(638, '127.0.0.1', '2025-12-18 13:28:53'),
(639, '127.0.0.1', '2025-12-18 13:31:04'),
(640, '127.0.0.1', '2025-12-18 13:32:09'),
(641, '127.0.0.1', '2025-12-18 13:32:37'),
(642, '192.168.1.13', '2025-12-18 13:33:24'),
(643, '192.168.1.13', '2025-12-18 13:33:55'),
(644, '192.168.1.13', '2025-12-18 13:34:05'),
(645, '192.168.1.13', '2025-12-18 13:38:39'),
(646, '192.168.1.19', '2025-12-18 13:58:30'),
(647, '127.0.0.1', '2025-12-18 14:48:49'),
(648, '127.0.0.1', '2025-12-18 15:01:43'),
(649, '192.168.1.19', '2025-12-18 15:02:27'),
(650, '192.168.1.19', '2025-12-18 15:03:38'),
(651, '127.0.0.1', '2025-12-18 15:04:43'),
(652, '192.168.1.13', '2025-12-18 15:05:34'),
(653, '192.168.1.13', '2025-12-18 15:06:12'),
(654, '192.168.1.13', '2025-12-18 15:30:21'),
(655, '::1', '2025-12-18 16:50:25'),
(656, '::1', '2026-01-05 18:29:40'),
(657, '::1', '2026-01-05 18:30:37'),
(658, '::1', '2026-01-05 18:31:13');

-- --------------------------------------------------------

--
-- Table structure for table `tbl_offer`
--

CREATE TABLE `tbl_offer` (
  `offer_id` int(10) UNSIGNED NOT NULL,
  `offer_title` varchar(255) NOT NULL,
  `offer_description` text DEFAULT NULL,
  `offer_image` varchar(255) DEFAULT NULL,
  `discount_type` enum('per') NOT NULL DEFAULT 'per',
  `discount_value` decimal(10,2) NOT NULL DEFAULT 0.00,
  `start_date` datetime NOT NULL,
  `end_date` datetime NOT NULL,
  `status` tinyint(4) NOT NULL DEFAULT 1,
  `created_at` datetime NOT NULL DEFAULT current_timestamp()
) ENGINE=InnoDB DEFAULT CHARSET=utf8mb4 COLLATE=utf8mb4_general_ci;

-- --------------------------------------------------------

--
-- Table structure for table `tbl_reviews`
--

CREATE TABLE `tbl_reviews` (
  `id` int(11) NOT NULL,
  `reviewer_name` varchar(100) NOT NULL,
  `rating` int(11) NOT NULL,
  `review_text` text NOT NULL,
  `created_at` timestamp NULL DEFAULT current_timestamp()
) ENGINE=InnoDB DEFAULT CHARSET=utf8mb4 COLLATE=utf8mb4_general_ci;

--
-- Dumping data for table `tbl_reviews`
--

INSERT INTO `tbl_reviews` (`id`, `reviewer_name`, `rating`, `review_text`, `created_at`) VALUES
(1, 'mahi', 5, 'good staff very cooperative', '2025-11-27 06:31:47'),
(2, 'Aisha', 4, 'GlamAura made my wedding day magical. My makeup lasted all night and the team were so calm and professional.', '2025-11-27 08:00:41'),
(4, 'Meera', 4, 'Lovely experience for mehendi services — punctual, friendly and the design was perfect.\"\r\n', '2025-11-27 08:02:29'),
(6, 'Priya', 4, 'Friendly staff and great attention to detail. My bridal look was flawless.\"\r\n', '2025-11-27 08:03:31'),
(7, 'Sanya', 5, 'Best nail art in town. The design lasted and the staff were so creative.\"\r\n', '2025-11-27 08:04:33'),
(9, 'ishita', 5, 'Great value and friendly team. They listened to what I wanted and delivered.', '2025-11-28 06:45:15'),
(10, 'rushali', 5, 'I loved the salon ambience. The stylists were talented and made me feel comfortable', '2025-11-28 06:46:19');

-- --------------------------------------------------------

--
-- Table structure for table `tbl_services`
--

CREATE TABLE `tbl_services` (
  `service_id` int(11) NOT NULL,
  `category_id` int(11) NOT NULL,
  `name` varchar(255) NOT NULL,
  `price` decimal(10,2) NOT NULL,
  `description` text DEFAULT NULL,
  `duration_minutes` int(11) DEFAULT NULL,
  `image` varchar(255) DEFAULT NULL,
  `status` tinyint(1) DEFAULT 1,
  `created_at` datetime DEFAULT current_timestamp()
) ENGINE=InnoDB DEFAULT CHARSET=utf8mb4 COLLATE=utf8mb4_general_ci;

--
-- Dumping data for table `tbl_services`
--

INSERT INTO `tbl_services` (`service_id`, `category_id`, `name`, `price`, `description`, `duration_minutes`, `image`, `status`, `created_at`) VALUES
(2, 1, 'Airbrush Glams', 1499.00, 'HD airbrush coverage for smooth, long-lasting bridal makeup.', 120, 'bridal2.jpg', 1, '2025-11-18 11:42:25'),
(3, 1, 'Trial Session', 499.00, 'A personalized pre-wedding trial to finalize your perfect bridal style.', 60, 'bridal3.jpg', 1, '2025-11-18 11:42:25'),
(4, 1, 'Traditional Bridal', 1999.00, 'Classic Indian bridal makeup with culturally rich detailing.', 120, 'bridal4.jpg', 1, '2025-11-18 11:42:25'),
(5, 1, 'Contemporary Fusion', 1599.00, 'A modern fusion bridal look combining tradition with contemporary trends.', 110, 'bridal5.jpg', 1, '2025-11-18 11:42:25'),
(6, 1, 'Hair Extensions', 1299.00, 'Premium hair extensions added for volume, length, and style enhancement.', 75, 'bridal8.jpg', 1, '2025-11-18 11:42:25'),
(7, 1, 'Draping', 699.00, 'Professional saree or lehenga draping for a neat and elegant finish.', 45, 'bridal6.jpg', 1, '2025-11-18 11:42:25'),
(8, 1, 'Deluxe Touch Ups', 399.00, 'Quick bridal touch-ups to maintain perfection throughout the event.', 30, 'bridal7.jpg', 1, '2025-11-18 11:42:25'),
(9, 2, 'Bridal Glow', 899.00, 'A luminous makeup finish designed to enhance natural bridal radiance.', 70, 'Look1.jpg', 1, '2025-11-18 11:42:47'),
(10, 2, 'Party Glam', 799.00, 'Bold and glamorous party-ready makeup with defined eyes and flawless base.', 60, 'look2.jpg', 1, '2025-11-18 11:42:47'),
(11, 2, 'Everyday Natural', 599.00, 'Soft, simple, and natural makeup ideal for everyday wear.', 45, 'look3.jpg', 1, '2025-11-18 11:42:47'),
(12, 2, 'HD Editorial', 1499.00, 'High-definition editorial-style makeup perfect for photoshoots.', 90, 'look4.jpg', 1, '2025-11-18 11:42:48'),
(13, 2, 'Bold Statement', 999.00, 'Intense, dramatic makeup with bright colors and strong features.', 60, 'look5.jpg', 1, '2025-11-18 11:42:48'),
(14, 2, 'Airbrush Finish', 1299.00, 'Airbrush makeup for a smooth, water-resistant, long-lasting finish.', 75, 'look6.jpg', 1, '2025-11-18 11:42:48'),
(15, 2, 'Soft Romantic', 799.00, 'Soft and dreamy makeup perfect for dates and romantic events.', 60, 'look7.jpg', 1, '2025-11-18 11:42:48'),
(16, 2, 'Smokey Eyes', 699.00, 'Intense smokey eye makeup for a bold and captivating look.', 50, 'look8.jpg', 1, '2025-11-18 11:42:48'),
(17, 3, 'Traditional Bridal', 1999.00, 'Intricate full-hand and arm designs for brides with cultural detailing.', 180, 'mehendi1.jpg', 1, '2025-11-18 11:43:38'),
(18, 3, 'Modern Minimalist', 999.00, 'Simple, elegant mehendi patterns with a modern aesthetic.', 60, 'mehendi2.jpg', 1, '2025-11-18 11:43:38'),
(19, 3, 'Half Arm Design', 799.00, 'Beautiful half-arm mehendi with floral and traditional motifs.', 90, 'mehendi3.jpg', 1, '2025-11-18 11:43:38'),
(20, 3, 'Rajasthani Style', 1599.00, 'Detailed Rajasthani-style mehendi with cultural patterns.', 150, 'mehendi4.jpg', 1, '2025-11-18 11:43:38'),
(21, 3, 'Gujarati Motifs', 999.00, 'Traditional Gujarati mehendi with peacock and mandala designs.', 120, 'mehendi5.jpg', 1, '2025-11-18 11:43:38'),
(22, 3, 'Pakistani Artistry', 1799.00, 'Elegant Pakistani-style mehendi featuring fine detailing and shading.', 180, 'mehendi6.jpg', 1, '2025-11-18 11:43:38'),
(23, 3, 'Floral Fusion', 899.00, 'A blend of modern floral patterns and creative shading.', 75, 'mehendi7.jpg', 1, '2025-11-18 11:43:38'),
(24, 3, 'Bridal Premium', 2499.00, 'Luxurious bridal mehendi with full-arm coverage and custom designs.', 200, 'mehendi8.jpg', 1, '2025-11-18 11:43:38'),
(25, 4, 'Classic French', 499.00, 'Timeless French tips with a clean, elegant appearance.', 40, 'nail1.jpg', 1, '2025-11-18 11:43:54'),
(26, 4, 'Gel Manicure', 599.00, 'Long-lasting gel polish with a glossy or matte finish.', 50, 'nail2.jpg', 1, '2025-11-18 11:43:54'),
(27, 4, 'Acrylic Extension', 1299.00, 'Durable acrylic nail extensions with customizable shapes.', 90, 'nail3.jpg', 1, '2025-11-18 11:43:54'),
(28, 4, 'Bridal Elegant', 899.00, 'Sophisticated bridal nail art with stones and detailing.', 70, 'nail4.jpg', 1, '2025-11-18 11:43:54'),
(29, 4, 'Floral Art', 699.00, 'Beautiful hand-painted floral nail designs.', 60, 'nail5.jpg', 1, '2025-11-18 11:43:54'),
(30, 4, 'Geometric Bold', 799.00, 'Modern geometric nail art with sharp lines and contrast.', 55, 'nail6.jpg', 1, '2025-11-18 11:43:54'),
(31, 4, 'Glamorous Glitter', 899.00, 'Glitter-infused nail art for a dazzling look.', 60, 'nail7.jpg', 1, '2025-11-18 11:43:54'),
(32, 4, 'Minimalist Chic', 499.00, 'Simple, clean, and stylish minimalist nail patterns.', 35, 'nail8.jpg', 1, '2025-11-18 11:43:54'),
(33, 5, 'Bridal Updo', 1299.00, 'Elegant and long-lasting bridal hair updo for special occasions.', 75, 'hair1.jpg', 1, '2025-11-18 11:44:35'),
(34, 5, 'Red Carpet Glam', 1599.00, 'Hollywood-style glamorous hair look with curls or waves.', 90, 'hair2.jpg', 1, '2025-11-18 11:44:35'),
(35, 5, 'Classic Blowout', 699.00, 'Smooth and voluminous blowout for everyday or event styling.', 45, 'hair3.jpg', 1, '2025-11-18 11:44:35'),
(36, 5, 'Precision Cut', 499.00, 'Professional haircut with clean edges and customized styling.', 40, 'hair4.jpg', 1, '2025-11-18 11:44:35'),
(37, 5, 'Balayage', 1999.00, 'Hand-painted balayage coloring for a natural blend.', 150, 'hair5.jpg', 1, '2025-11-18 11:44:35'),
(38, 5, 'Colour Refresh', 799.00, 'Revitalizing color treatment to refresh faded tones.', 60, 'hair6.jpg', 1, '2025-11-18 11:44:35'),
(39, 5, 'Keratin Smooth', 2499.00, 'Keratin treatment for frizz-free, smooth, and shiny hair.', 180, 'hair7.jpg', 1, '2025-11-18 11:44:36'),
(40, 5, 'Textured Waves', 899.00, 'Soft, beachy waves for a natural yet stylish look.', 55, 'hair8.jpg', 1, '2025-11-18 11:44:36');

-- --------------------------------------------------------

--
-- Table structure for table `tbl_staff`
--

CREATE TABLE `tbl_staff` (
  `id` int(11) NOT NULL,
  `name` varchar(100) NOT NULL,
  `experience` varchar(40) NOT NULL,
  `role` varchar(100) NOT NULL,
  `services` varchar(100) NOT NULL,
  `image` varchar(255) NOT NULL,
  `status` tinyint(4) NOT NULL DEFAULT 1,
  `created_at` timestamp NOT NULL DEFAULT current_timestamp()
) ENGINE=InnoDB DEFAULT CHARSET=utf8mb4 COLLATE=utf8mb4_general_ci;

--
-- Dumping data for table `tbl_staff`
--

INSERT INTO `tbl_staff` (`id`, `name`, `experience`, `role`, `services`, `image`, `status`, `created_at`) VALUES
(2, 'Riya Sharma', '4 yrs', 'Junior', 'Mehendi, Nail Art', 'staff1.jpg', 1, '2025-11-20 16:53:56'),
(3, 'Nisha Kapoor', '3 yrs', 'Junior', ' Hairstyling, Extensions', 'staff3.jpg', 1, '2025-11-20 18:21:08'),
(4, 'Divya Nair', '4 yrs', 'Junior', 'Styling, Treatments', 'staff4.jpg', 2, '2025-11-20 18:22:34'),
(5, 'Sonal Mehta', '7 yrs', 'Lead', 'Bridal Hair, Cuts', 'staff5.jpg', 1, '2025-11-20 18:23:12'),
(6, 'Nia Sharma', '2 yrs', 'Junior', 'cuts', 'staff6.jpg', 1, '2025-11-20 18:23:54'),
(7, 'Kiran Rao', '2 yrs', 'Junior', 'Nail Art, Manicure', 'staff7.jpg', 1, '2025-11-20 18:24:32'),
(8, 'Meera Singh', '5 yrs', 'Senior', 'Makeup & Skincare', 'staff8.jpg', 1, '2025-11-20 18:25:20'),
(9, 'Tara Verma', '5 yrs', 'Senior', 'Bridal Makeup, Skin Prep', 'staff9.jpg', 1, '2025-11-20 18:26:01'),
(10, 'Asha Patel', '6 yrs', 'Senior', 'Bridal Makeup, Skin Prep', 'staff2.jpg', 1, '2025-11-21 03:53:38');

-- --------------------------------------------------------

--
-- Table structure for table `tbl_user`
--

CREATE TABLE `tbl_user` (
  `id` int(11) NOT NULL,
  `name` varchar(255) DEFAULT NULL,
  `email` varchar(255) DEFAULT NULL,
  `phone` varchar(20) DEFAULT NULL,
  `password` varchar(255) DEFAULT NULL,
  `created_at` datetime DEFAULT current_timestamp()
) ENGINE=InnoDB DEFAULT CHARSET=utf8mb4 COLLATE=utf8mb4_general_ci;

--
-- Indexes for dumped tables
--

--
-- Indexes for table `branches`
--
ALTER TABLE `branches`
  ADD PRIMARY KEY (`branch_id`),
  ADD KEY `tbl_branches_ibfk_3` (`city_name`);

--
-- Indexes for table `tbl_admin`
--
ALTER TABLE `tbl_admin`
  ADD PRIMARY KEY (`id`);

--
-- Indexes for table `tbl_area`
--
ALTER TABLE `tbl_area`
  ADD PRIMARY KEY (`id`),
  ADD KEY `city_id` (`city_id`);

--
-- Indexes for table `tbl_booking`
--
ALTER TABLE `tbl_booking`
  ADD PRIMARY KEY (`id`),
  ADD KEY `tbl_booking_ibfk_1` (`category_id`),
  ADD KEY `tbl_booking_ibfk_2` (`service_id`),
  ADD KEY `tbl_booking_ibfk_3` (`city_id`);

--
-- Indexes for table `tbl_categories`
--
ALTER TABLE `tbl_categories`
  ADD PRIMARY KEY (`id`);

--
-- Indexes for table `tbl_city`
--
ALTER TABLE `tbl_city`
  ADD PRIMARY KEY (`city_id`);

--
-- Indexes for table `tbl_cs`
--
ALTER TABLE `tbl_cs`
  ADD PRIMARY KEY (`cs_id`),
  ADD KEY `fk_cs_customer` (`customer_id`),
  ADD KEY `fk_cs_category` (`category_id`),
  ADD KEY `fk_cs_service` (`service_id`),
  ADD KEY `fk_cs_enrollment` (`enrollment_no`);

--
-- Indexes for table `tbl_customer`
--
ALTER TABLE `tbl_customer`
  ADD PRIMARY KEY (`customer_id`),
  ADD UNIQUE KEY `enrollment_no` (`enrollment_no`);

--
-- Indexes for table `tbl_customer_services`
--
ALTER TABLE `tbl_customer_services`
  ADD PRIMARY KEY (`cs_id`),
  ADD KEY `tbl_customer_services_ibfk_1` (`id`),
  ADD KEY `tbl_customer_services_ibfk_2` (`enrollment_no`),
  ADD KEY `tbl_customer_services_ibfk_3` (`customer_id`);

--
-- Indexes for table `tbl_impressions`
--
ALTER TABLE `tbl_impressions`
  ADD PRIMARY KEY (`id`);

--
-- Indexes for table `tbl_offer`
--
ALTER TABLE `tbl_offer`
  ADD PRIMARY KEY (`offer_id`);

--
-- Indexes for table `tbl_reviews`
--
ALTER TABLE `tbl_reviews`
  ADD PRIMARY KEY (`id`);

--
-- Indexes for table `tbl_services`
--
ALTER TABLE `tbl_services`
  ADD PRIMARY KEY (`service_id`),
  ADD KEY `category_id` (`category_id`);

--
-- Indexes for table `tbl_staff`
--
ALTER TABLE `tbl_staff`
  ADD PRIMARY KEY (`id`);

--
-- Indexes for table `tbl_user`
--
ALTER TABLE `tbl_user`
  ADD PRIMARY KEY (`id`);

--
-- AUTO_INCREMENT for dumped tables
--

--
-- AUTO_INCREMENT for table `branches`
--
ALTER TABLE `branches`
  MODIFY `branch_id` int(11) NOT NULL AUTO_INCREMENT, AUTO_INCREMENT=5;

--
-- AUTO_INCREMENT for table `tbl_admin`
--
ALTER TABLE `tbl_admin`
  MODIFY `id` int(11) NOT NULL AUTO_INCREMENT, AUTO_INCREMENT=3;

--
-- AUTO_INCREMENT for table `tbl_area`
--
ALTER TABLE `tbl_area`
  MODIFY `id` int(11) NOT NULL AUTO_INCREMENT, AUTO_INCREMENT=106;

--
-- AUTO_INCREMENT for table `tbl_booking`
--
ALTER TABLE `tbl_booking`
  MODIFY `id` int(11) NOT NULL AUTO_INCREMENT, AUTO_INCREMENT=23;

--
-- AUTO_INCREMENT for table `tbl_categories`
--
ALTER TABLE `tbl_categories`
  MODIFY `id` int(11) NOT NULL AUTO_INCREMENT, AUTO_INCREMENT=9;

--
-- AUTO_INCREMENT for table `tbl_city`
--
ALTER TABLE `tbl_city`
  MODIFY `city_id` int(11) NOT NULL AUTO_INCREMENT, AUTO_INCREMENT=9;

--
-- AUTO_INCREMENT for table `tbl_cs`
--
ALTER TABLE `tbl_cs`
  MODIFY `cs_id` int(11) NOT NULL AUTO_INCREMENT, AUTO_INCREMENT=6;

--
-- AUTO_INCREMENT for table `tbl_customer`
--
ALTER TABLE `tbl_customer`
  MODIFY `customer_id` int(11) NOT NULL AUTO_INCREMENT, AUTO_INCREMENT=5;

--
-- AUTO_INCREMENT for table `tbl_customer_services`
--
ALTER TABLE `tbl_customer_services`
  MODIFY `cs_id` int(11) NOT NULL AUTO_INCREMENT COMMENT 'customer service id', AUTO_INCREMENT=8;

--
-- AUTO_INCREMENT for table `tbl_impressions`
--
ALTER TABLE `tbl_impressions`
  MODIFY `id` int(11) NOT NULL AUTO_INCREMENT, AUTO_INCREMENT=659;

--
-- AUTO_INCREMENT for table `tbl_offer`
--
ALTER TABLE `tbl_offer`
  MODIFY `offer_id` int(10) UNSIGNED NOT NULL AUTO_INCREMENT;

--
-- AUTO_INCREMENT for table `tbl_reviews`
--
ALTER TABLE `tbl_reviews`
  MODIFY `id` int(11) NOT NULL AUTO_INCREMENT, AUTO_INCREMENT=11;

--
-- AUTO_INCREMENT for table `tbl_services`
--
ALTER TABLE `tbl_services`
  MODIFY `service_id` int(11) NOT NULL AUTO_INCREMENT, AUTO_INCREMENT=44;

--
-- AUTO_INCREMENT for table `tbl_staff`
--
ALTER TABLE `tbl_staff`
  MODIFY `id` int(11) NOT NULL AUTO_INCREMENT, AUTO_INCREMENT=13;

--
-- AUTO_INCREMENT for table `tbl_user`
--
ALTER TABLE `tbl_user`
  MODIFY `id` int(11) NOT NULL AUTO_INCREMENT, AUTO_INCREMENT=21;
COMMIT;

/*!40101 SET CHARACTER_SET_CLIENT=@OLD_CHARACTER_SET_CLIENT */;
/*!40101 SET CHARACTER_SET_RESULTS=@OLD_CHARACTER_SET_RESULTS */;
/*!40101 SET COLLATION_CONNECTION=@OLD_COLLATION_CONNECTION */;
